{
  "author": "20220613",
  "name": "555电影",
  "url": "https://www.xawqxh.net",
  "tihuan": "cnzz.com",
  "User": "User-Agent:Dart/2.14 (dart:io)",
  "shouye": "1",

  "fenlei": "Netflix(片)$/vodshow/1---Netflix-----#Netflix(剧)$/vodshow/2---Netflix-----#Netflix(漫)$/vodshow/4---Netflix-----#福利库$/vodshow/124--------#热播电影$/vodshow/1--hits------#热播连续剧$/vodshow/13--------#日韩剧$/vodshow/44--------#欧美剧$/vodshow/45--------#港台剧$/vodshow/15--------#纪录片$/vodshow/1---纪录-----#儿童片$/vodshow/1---儿童-----#动画片$/vodshow/1---动画-----#亲子动漫$/vodshow/4---亲子-----#儿歌动漫$/vodshow/4---儿歌-----#国产动漫$/vodshow/4-大陆-------#日本动漫$/vodshow/4-日本-------#欧美动漫$/vodshow/4-欧美-------#其他动漫$/vodshow/4-其他-------#综艺记录$/vodshow/3--------#仙侠片$/vodshow/1---仙侠-----#剧情片$/vodshow/1---剧情-----#科幻片$/vodshow/1---科幻-----#动作片$/vodshow/1---动作-----#喜剧片$/vodshow/1---喜剧-----#爱情片$/vodshow/1---爱情-----#冒险片$/vodshow/1---冒险-----#歌舞片$/vodshow/1---歌舞-----#音乐片$/vodshow/1---音乐-----#奇幻片$/vodshow/1---奇幻-----#恐怖片$/vodshow/1---恐怖-----#惊悚片$/vodshow/1---惊悚-----#丧尸片$/vodshow/1---丧尸-----#战争片$/vodshow/1---战争-----#传记片$/vodshow/1---传记-----#犯罪片$/vodshow/1---犯罪-----#悬疑片$/vodshow/1---悬疑-----#西部片$/vodshow/1---西部-----#灾难片$/vodshow/1---灾难-----#古装片$/vodshow/1---古装-----#武侠片$/vodshow/1---武侠-----#家庭片$/vodshow/1---家庭-----#短片$/vodshow/1---短片-----#校园片$/vodshow/1---校园-----#文艺片$/vodshow/1---文艺-----#运动片$/vodshow/1---运动-----#青春片$/vodshow/1---青春-----#同性片$/vodshow/1---同性-----#励志片$/vodshow/1---励志-----#人性片$/vodshow/1---人性-----#美食片$/vodshow/1---美食-----#女性片$/vodshow/1---女性-----#治愈片$/vodshow/1---治愈-----#历史片$/vodshow/1---历史-----#真人秀$/vodshow/1---真人秀-----#脱口秀$/vodshow/1---脱口秀-----#",
  "houzhui": "---.html",

  "shifouercijiequ": "1",
  "jiequqian": "class=\"module-items",
  "jiequhou": "class=\"fixedGroup",
  "jiequshuzuqian": "<a",
  "jiequshuzuhou": "alt=\"",
  "tupianqian": "data-original=\"",
  "tupianhou": "\"",
  "biaotiqian": "title=\"",
  "biaotihou": "\"",
  "lianjieqian": "href=\"",
  "lianjiehou": "\"",

  "sousuoqian": "/index.php/ajax/suggest?mid=1&wd=",
  "sousuohou": "&limit=500",
  "sousuohouzhui": "/voddetail/",
  "ssmoshi": "0",
  "sousuoshifouercijiequ": "0",
  "jspic": "pic",
  "jsname": "name",
  "jsid": "id",
  "ssjiequqian": "空",
  "ssjiequhou": "空",
  "ssjiequshuzuqian": "空",
  "ssjiequshuzuhou": "空",
  "sstupianqian": "空",
  "sstupianhou": "空",
  "ssbiaotiqian": "空",
  "ssbiaotihou": "空",
  "sslianjieqian": "空",
  "sslianjiehou": "空",

  "bfshifouercijiequ": "0",
  "bfjiequqian": "空",
  "bfjiequhou": "空",
  "bfjiequshuzuqian": "class=\"module-play-list\"",
  "bfjiequshuzuhou": "</div>",

  "zhuangtaiqian": "更新：</span>",
  "zhuangtaihou": "</div>",
  "daoyanqian": "导演：</span>",
  "daoyanhou": "</div>",
  "zhuyanqian": "主演：</span>",
  "zhuyanhou": "</div>",
  "juqingqian": "introduction-content\"><p>",
  "juqinghou": "</p>",

  "bfyshifouercijiequ": "0",
  "bfyjiequqian": "空",
  "bfyjiequhou": "空",
  "bfyjiequshuzuqian": "<a",
  "bfyjiequshuzuhou": "/a>",
  "bfbiaotiqian": "span>",
  "bfbiaotihou": "</span",
  "bflianjieqian": "href=\"",
  "bflianjiehou": "\""
}